sample_index,current_label,suggested_label,suggested_confidence,self_confidence,margin,label_quality,rank
6,0,1,0.9530963877736301,0.005680721625147162,0.9474156661484829,0.005680721625147162,1
276,1,2,0.9395145920050257,0.008722257262493073,0.9307923347425326,0.008722257262493073,2
170,2,1,0.9149708058298647,0.02560012222585973,0.889370683604005,0.02560012222585973,3
37,0,1,0.8706103260114417,0.035659000387982,0.8349513256234598,0.035659000387982,4
256,2,1,0.8493042605801946,0.038433301874749734,0.8108709587054449,0.038433301874749734,5
42,1,2,0.8863125459789166,0.09117526617798338,0.7951372798009333,0.09117526617798338,6
206,1,2,0.7980027174595742,0.025519577057188783,0.7724831404023854,0.025519577057188783,7
296,1,2,0.8245859725250804,0.05876306858893099,0.7658229039361494,0.05876306858893099,8
294,0,1,0.8158439669194163,0.08718406148596264,0.7286599054334537,0.08718406148596264,9
221,1,2,0.7414189127948553,0.021801721464916792,0.7196171913299385,0.021801721464916792,10
244,1,2,0.7117379242016191,0.01599486278414998,0.6957430614174691,0.01599486278414998,11
209,2,0,0.7766348128254473,0.0936269328900112,0.6830078799354361,0.0936269328900112,12
146,1,2,0.7574977969317462,0.0756981247017909,0.6817996722299553,0.0756981247017909,13
236,2,0,0.8005556048266578,0.11911485692391943,0.6814407479027383,0.11911485692391943,14
299,0,2,0.7690860779222843,0.10456516386751702,0.6645209140547673,0.10456516386751702,15
56,2,0,0.740521487014484,0.07985575849529149,0.6606657285191925,0.07985575849529149,16
262,2,0,0.7525410534910691,0.10876027467303419,0.643780778818035,0.10876027467303419,17
174,2,1,0.7154108989362937,0.08296702773949649,0.6324438711967972,0.08296702773949649,18
125,2,0,0.7742565954910645,0.17862543371591563,0.5956311617751489,0.17862543371591563,19
97,1,2,0.7486202659156846,0.155105409777722,0.5935148561379626,0.155105409777722,20
237,1,2,0.6386251701900981,0.04518495539632336,0.5934402147937747,0.04518495539632336,21
271,0,1,0.7506240714063054,0.1582992913983883,0.5923247800079171,0.1582992913983883,22
66,0,2,0.7494453498624766,0.15714948718004051,0.5922958626824361,0.15714948718004051,23
50,2,0,0.6840519819852493,0.09407083150192394,0.5899811504833253,0.09407083150192394,24
213,0,2,0.7199749727502945,0.13619944911280077,0.5837755236374937,0.13619944911280077,25
203,2,0,0.7384779690997909,0.16948108853568258,0.5689968805641084,0.16948108853568258,26
290,2,0,0.6538010624607159,0.09783822428364847,0.5559628381770674,0.09783822428364847,27
187,0,1,0.658588150809972,0.10843415263937148,0.5501539981706005,0.10843415263937148,28
59,0,1,0.6928363580919161,0.15034302326551252,0.5424933348264036,0.15034302326551252,29
224,0,1,0.6721824519275049,0.13460552281810012,0.5375769291094048,0.13460552281810012,30
193,2,0,0.6883057894841002,0.17220346787397567,0.5161023216101245,0.17220346787397567,31
201,0,1,0.6876541267428415,0.17784210411546492,0.5098120226273766,0.17784210411546492,32
171,0,2,0.6386416329206439,0.1353950386688995,0.5032465942517445,0.1353950386688995,33
189,1,0,0.6198947083535534,0.11729051340127253,0.5026041949522809,0.11729051340127253,34
30,2,0,0.5639021373179808,0.07916648437125244,0.4847356529467283,0.07916648437125244,35
109,2,1,0.6852652581083083,0.20918587545575248,0.4760793826525558,0.20918587545575248,36
179,1,2,0.5698745614869205,0.10912691992634585,0.4607476415605747,0.10912691992634585,37
131,1,0,0.687421764737761,0.23796638287516614,0.4494553818625948,0.23796638287516614,38
285,0,2,0.6944605762778163,0.24667724870145025,0.4477833275763661,0.24667724870145025,39
127,2,0,0.5803063126606377,0.14620626466976774,0.43410004799087,0.14620626466976774,40
164,2,1,0.6993076704628072,0.2669685464976924,0.43233912396511476,0.2669685464976924,41
128,0,1,0.6171386014367998,0.19061916273935633,0.42651943869744346,0.19061916273935633,42
142,0,2,0.5438958003173102,0.12008801752379529,0.42380778279351494,0.12008801752379529,43
198,0,2,0.686476748022916,0.27769682977850846,0.40877991824440757,0.27769682977850846,44
145,0,1,0.6378130396830658,0.23861738281740613,0.39919565686565966,0.23861738281740613,45
18,2,1,0.47370142024288453,0.07669077311625361,0.3970106471266309,0.07669077311625361,46
90,0,1,0.48960352233021204,0.09904826932993295,0.3905552530002791,0.09904826932993295,47
222,0,2,0.5530142092981779,0.17509900142798693,0.37791520787019095,0.17509900142798693,48
195,1,0,0.4703387255048612,0.09500782915639724,0.37533089634846395,0.09500782915639724,49
81,2,0,0.672968891756894,0.30121168196733894,0.37175720978955507,0.30121168196733894,50
208,1,0,0.5223907760159227,0.1531544871979092,0.36923628881801346,0.1531544871979092,51
87,1,2,0.48320105971915245,0.11555407374436646,0.36764698597478596,0.11555407374436646,52
35,2,0,0.5050107867151908,0.1382910624063217,0.3667197243088691,0.1382910624063217,53
137,0,1,0.6093979015108197,0.26423036077701595,0.3451675407338038,0.26423036077701595,54
112,1,0,0.5758381333552741,0.23190812903188168,0.34393000432339244,0.23190812903188168,55
297,0,1,0.567365821084658,0.23022124620500858,0.33714457487964944,0.23022124620500858,56
28,0,1,0.5028250105858046,0.16880219379518543,0.3340228167906192,0.16880219379518543,57
31,2,1,0.48080491752496524,0.14914939347636041,0.3316555240486048,0.14914939347636041,58
93,1,2,0.4955743319130914,0.16695403577387435,0.32862029613921706,0.16695403577387435,59
29,2,1,0.5633391427001572,0.2379168614507739,0.32542228124938327,0.2379168614507739,60
7,2,0,0.6352045824987328,0.3117921988287184,0.3234123836700144,0.3117921988287184,61
233,1,2,0.5778893640411698,0.26476376548056335,0.3131255985606064,0.26476376548056335,62
68,2,1,0.5911344794490859,0.2780406847534222,0.31309379469566373,0.2780406847534222,63
94,0,1,0.5522849487036756,0.23969502589455458,0.312589922809121,0.23969502589455458,64
98,2,0,0.44268840235320067,0.13523943073156028,0.3074489716216404,0.13523943073156028,65
166,1,0,0.6279313194017494,0.3213642730609272,0.3065670463408222,0.3213642730609272,66
76,0,2,0.5993753206316977,0.29715075493227716,0.3022245656994206,0.29715075493227716,67
58,2,1,0.5684134705231371,0.2666253940477124,0.30178807647542466,0.2666253940477124,68
158,0,2,0.5031020627252044,0.2112992695444173,0.2918027931807871,0.2112992695444173,69
32,0,1,0.6240083559926874,0.33328849479806116,0.2907198611946263,0.33328849479806116,70
190,0,1,0.5541843650869247,0.27083601407813146,0.28334835100879324,0.27083601407813146,71
230,0,1,0.5559243210330215,0.2762271353919002,0.2796971856411213,0.2762271353919002,72
199,1,2,0.5859638877967223,0.3080871146271535,0.27787677316956877,0.3080871146271535,73
251,2,0,0.543499553429941,0.26659113955032143,0.2769084138796196,0.26659113955032143,74
77,2,1,0.5512052426523602,0.27807683536346073,0.2731284072888994,0.27807683536346073,75
211,1,2,0.47770023120478894,0.20554866024652696,0.272151570958262,0.20554866024652696,76
84,1,2,0.5457630068516377,0.28158213723946784,0.26418086961216986,0.28158213723946784,77
79,2,1,0.5489778438788688,0.29015646133104345,0.2588213825478254,0.29015646133104345,78
191,0,1,0.5013233504198669,0.24703412875050118,0.2542892216693657,0.24703412875050118,79
273,0,1,0.49862897626051517,0.24659579150286037,0.2520331847576548,0.24659579150286037,80
43,0,1,0.43089509882763277,0.1810555834995109,0.24983951532812188,0.1810555834995109,81
124,2,1,0.538234403026703,0.2885023900405285,0.24973201298617448,0.2885023900405285,82
286,0,1,0.4454087939798185,0.19790079496498914,0.24750799901482934,0.19790079496498914,83
34,2,0,0.48717840386519334,0.23976950903986485,0.2474088948253285,0.23976950903986485,84
136,0,2,0.5575941516605682,0.3114678028891253,0.24612634877144296,0.3114678028891253,85
13,1,0,0.590889828759682,0.35543809465149395,0.23545173410818804,0.35543809465149395,86
89,2,0,0.6064223959383597,0.3737150727306283,0.23270732320773135,0.3737150727306283,87
102,0,2,0.5295680584111566,0.30020876646367467,0.22935929194748195,0.30020876646367467,88
67,1,2,0.4618155962711494,0.23766794925329615,0.22414764701785322,0.23766794925329615,89
291,0,2,0.600122940187857,0.3761485169963747,0.22397442319148225,0.3761485169963747,90
159,0,1,0.5596155143424504,0.33702789713118064,0.22258761721126974,0.33702789713118064,91
280,2,0,0.6016808270085534,0.38494504965755644,0.21673577735099697,0.38494504965755644,92
8,1,0,0.47499627142779577,0.26254850752843967,0.2124477638993561,0.26254850752843967,93
54,1,2,0.5084662188275688,0.30034235227367423,0.2081238665538946,0.30034235227367423,94
132,2,0,0.5645764345342562,0.36096341955777306,0.20361301497648315,0.36096341955777306,95
40,0,1,0.4761306403883308,0.28306290186796784,0.19306773852036296,0.28306290186796784,96
168,0,2,0.5055663398576251,0.31492658772387255,0.19063975213375256,0.31492658772387255,97
20,1,0,0.4861733093554645,0.2976193361489089,0.1885539732065556,0.2976193361489089,98
254,2,0,0.5363835391807805,0.35003941472054584,0.18634412446023468,0.35003941472054584,99
232,0,2,0.5298022525535947,0.34588422066930996,0.18391803188428474,0.34588422066930996,100
10,2,0,0.4513305301581178,0.2791323467875149,0.1721981833706029,0.2791323467875149,101
177,1,2,0.5132908870098695,0.3450088323142668,0.16828205469560265,0.3450088323142668,102
72,1,0,0.47857958799741945,0.31085421450756967,0.16772537348984978,0.31085421450756967,103
259,2,1,0.45676006266176933,0.2930804654392236,0.16367959722254571,0.2930804654392236,104
3,2,1,0.4109449260868542,0.25934528298286075,0.15159964310399343,0.25934528298286075,105
220,2,1,0.553906275974043,0.4084678127433792,0.14543846323066378,0.4084678127433792,106
74,0,1,0.47427897227740734,0.33278072579380225,0.1414982464836051,0.33278072579380225,107
176,2,1,0.5126597727765743,0.3849340431899271,0.12772572958664719,0.3849340431899271,108
231,0,2,0.3973786815702908,0.2848607635718253,0.1125179179984655,0.2848607635718253,109
229,0,2,0.5394554118273842,0.43209845269762936,0.10735695912975485,0.43209845269762936,110
114,1,2,0.3871853033958459,0.2816770958562161,0.1055082075396298,0.2816770958562161,111
178,2,1,0.4404423652107815,0.3393709614739103,0.10107140373687118,0.3393709614739103,112
228,2,0,0.4796888251109673,0.37899972380413105,0.10068910130683623,0.37899972380413105,113
62,0,2,0.5015949020491948,0.42193415930433714,0.07966074274485763,0.42193415930433714,114
172,2,1,0.4683482785157608,0.39331589994086397,0.07503237857489681,0.39331589994086397,115
26,0,1,0.44729624373163,0.39256155445250374,0.05473468927912628,0.39256155445250374,116
15,0,1,0.43646774844173114,0.3838220370534771,0.052645711388254024,0.3838220370534771,117
92,1,2,0.4455257430797504,0.3934951915422597,0.0520305515374907,0.3934951915422597,118
22,1,0,0.4692802092566616,0.42093443445190526,0.048345774804756325,0.42093443445190526,119
135,1,0,0.374393359724606,0.32873109098047343,0.045662268744132595,0.32873109098047343,120
261,2,1,0.44785932506165343,0.4034905120460065,0.044368813015646935,0.4034905120460065,121
38,1,0,0.5020506705955586,0.4584238507083536,0.043626819887205015,0.4584238507083536,122
105,2,1,0.48593811485933575,0.4499573123430253,0.03598080251631047,0.4499573123430253,123
223,1,2,0.4909846516194018,0.4555448631657438,0.03543978845365803,0.4555448631657438,124
110,2,1,0.40192962860214626,0.36729018227678045,0.03463944632536581,0.36729018227678045,125
4,1,0,0.4180123970451956,0.38377702277616516,0.03423537426903045,0.38377702277616516,126
272,0,2,0.45273886175006317,0.4244241213567113,0.028314740393351856,0.4244241213567113,127
181,1,0,0.4672707902494569,0.4404445404937434,0.026826249755713516,0.4404445404937434,128
175,1,0,0.44137076996200386,0.4246577884932138,0.016712981468790078,0.4246577884932138,129
47,1,0,0.41010071549289984,0.40144885723236917,0.008651858260530665,0.40144885723236917,130
115,2,1,0.3955199526910088,0.3947342307524376,0.0007857219385712377,0.3947342307524376,131
205,1,2,0.44384736202326913,0.4500788361780699,-0.006231474154800742,0.4500788361780699,132
111,1,0,0.38543515100568526,0.39890886185561863,-0.013473710849933374,0.39890886185561863,133
88,2,0,0.42735719572765113,0.44122918507792236,-0.01387198935027123,0.44122918507792236,134
239,2,1,0.43457587501200085,0.45396461013292744,-0.019388735120926592,0.45396461013292744,135
204,1,0,0.35024414894441275,0.37127398541769335,-0.021029836473280605,0.37127398541769335,136
143,1,0,0.44953143339165536,0.4767778745997317,-0.027246441208076344,0.4767778745997317,137
160,0,1,0.43362257619621497,0.46481140075917593,-0.03118882456296096,0.46481140075917593,138
226,2,0,0.44193171075133325,0.4834145277071067,-0.04148281695577344,0.4834145277071067,139
83,1,0,0.38163148247264256,0.4261305414958875,-0.04449905902324497,0.4261305414958875,140
289,0,2,0.37726023818228,0.42666363835720084,-0.04940340017492084,0.42666363835720084,141
1,0,2,0.3400879416001204,0.397788492537112,-0.05770055093699161,0.397788492537112,142
45,0,1,0.3439329320351873,0.4161543690578939,-0.07222143702270656,0.4161543690578939,143
46,0,2,0.40115857770449087,0.47618951814518556,-0.0750309404406947,0.47618951814518556,144
210,1,0,0.34230802239819746,0.4275063220788808,-0.08519829968068332,0.4275063220788808,145
100,0,1,0.38326761015305344,0.47100470489716156,-0.08773709474410812,0.47100470489716156,146
151,2,1,0.33023560456463846,0.4191842049916841,-0.08894860042704561,0.4191842049916841,147
24,1,0,0.35195745958974956,0.4419979796680569,-0.09004052007830732,0.4419979796680569,148
95,1,2,0.4016811076674111,0.4929816517972463,-0.09130054412983518,0.4929816517972463,149
144,0,1,0.3645858931608437,0.46955714167816237,-0.10497124851731865,0.46955714167816237,150
57,2,1,0.3449640957996719,0.47868632398250915,-0.13372222818283724,0.47868632398250915,151
277,2,0,0.28673044392045643,0.4300418746199416,-0.14331143069948515,0.4300418746199416,152
235,1,2,0.3251708834255827,0.49444259426161963,-0.16927171083603693,0.49444259426161963,153
155,2,1,0.32829546791189873,0.49996407164474166,-0.17166860373284293,0.49996407164474166,154
129,2,0,0.27352432904222423,0.46543579405610486,-0.19191146501388062,0.46543579405610486,155
148,2,0,0.2776529455186694,0.47267463923222336,-0.19502169371355393,0.47267463923222336,156
